{
  "MAE": 0.018889423459768295,
  "RMSE": 0.07358152300610578,
  "sMAPE_%": 185.54579162597656
}